SHOW,SEASON,CONTESTANT,ELIMINATION.1,ELIMINATION.2,ELIMINATION.3,ELIMINATION.4,ELIMINATION.5,ELIMINATION.6,ELIMINATION.7,ELIMINATION.8,ELIMINATION.9,ELIMINATION.10,DATES.1,DATES.2,DATES.3,DATES.4,DATES.5,DATES.6,DATES.7,DATES.8,DATES.9,DATES.10,win10,win9,win8,win7,win6,winner,firstdate,manydates,firstrose,ette,manyroses
Bachelorette,13,13_BRYAN_A,R1,,,R,R,,R,,,W,,,D6,D13,D1,D7,D1,D1,D1,D1,1,0,0,0,0,1,0,5,1,1,3
Bachelorette,13,13_PETER_K,,R,,,,R,R,,,E,,D1,D6,D13,D9,D7,D1,D1,D1,D1,0,0,0,0,0,0,1,5,0,1,3
Bachelorette,13,13_ERIC_B,,,R,,,R,R,,E,,,D10,D8,D13,D9,D1,D3,D1,D1,,0,0,0,0,0,0,0,3,0,1,3
Bachelorette,13,13_DEAN_U,,R,,R,,,R,E,,,,D8,D8,D1,D9,D7,D1,D1,,,0,0,0,0,0,0,0,3,0,1,3
Bachelorette,13,13_ADAM_G,,,,,,,E,,,,,D10,D8,D13,D9,D7,D3,,,,0,0,0,0,0,0,0,0,0,1,0
Bachelorette,13,13_MATT_M,,,,,,,E,,,,,D10,,D13,D9,D7,D3,,,,0,0,0,0,0,0,0,0,0,1,0
Bachelorette,13,13_ALEX_B,,,R,,,E,,,,,,D10,D6,D13,D9,D7,,,,,0,0,0,0,0,0,0,0,0,1,1
Bachelorette,13,13_WILL_G,,,,,R,E,,,,,,D10,D6,D13,D9,D1,,,,,0,0,0,0,0,0,0,1,0,1,1
Bachelorette,13,13_KENNY_L,,,,,R,E,,,,,,D8,D8,D13,D2,D7,,,,,0,0,0,0,0,0,0,0,0,1,1
Bachelorette,13,13_ANTHONY_B,,,R,,E,,,,,,,,D1,D13,D9,,,,,,0,0,0,0,0,0,0,1,0,1,1
Bachelorette,13,13_JOSIAH_G,,R,,,E,,,,,,,D10,,D13,D9,,,,,,0,0,0,0,0,0,0,0,0,1,1
Bachelorette,13,13_LEE_G,,,,,E,,,,,,,D10,D8,D13,D2,,,,,,0,0,0,0,0,0,0,0,0,1,0
Bachelorette,13,13_IGGY_R,,,,E,,,,,,,,D8,,D13,,,,,,,0,0,0,0,0,0,0,0,0,1,0
Bachelorette,13,13_JONATHAN_T,,,,E,,,,,,,,D8,D6,D13,,,,,,,0,0,0,0,0,0,0,0,0,1,0
Bachelorette,13,13_JACK_S,,,,E,,,,,,,,D8,D8,D1,,,,,,,0,0,0,0,0,0,0,1,0,1,0
Bachelorette,13,13_BRADY_E,,,E,,,,,,,,,,D8,,,,,,,,0,0,0,0,0,0,0,0,0,1,0
Bachelorette,13,13_BRYCE_P,,,E,,,,,,,,,,D8,,,,,,,,0,0,0,0,0,0,0,0,0,1,0
Bachelorette,13,13_DIGGY_M,,,E,,,,,,,,,D10,,,,,,,,,0,0,0,0,0,0,0,0,0,1,0
Bachelorette,13,13_FRED_J,,,E,,,,,,,,,D8,D6,,,,,,,,0,0,0,0,0,0,0,0,0,1,0
Bachelorette,13,13_BLAKE_E,,E,,,,,,,,,,D8,,,,,,,,,0,0,0,0,0,0,0,0,0,1,0
Bachelorette,13,13_JAMEY_K,,E,,,,,,,,,,D10,,,,,,,,,0,0,0,0,0,0,0,0,0,1,0
Bachelorette,13,13_LUCAS_Y,,E,,,,,,,,,,D8,,,,,,,,,0,0,0,0,0,0,0,0,0,1,0
Bachelorette,13,13_DEMARIO_J,,E,,,,,,,,,,D10,,,,,,,,,0,0,0,0,0,0,0,0,0,1,0
Bachelorette,12,12_JORDAN_R,R1,,,R,R,,,,,W,,D6,D12,D11,D1,D5,D1,D1,D1,D1,1,0,0,0,0,1,0,5,1,1,2
Bachelorette,12,12_ROBBY_H,,,,,R,,R,,,E,,D10,,D11,D9,D5,D3,D1,D1,D1,0,0,0,0,0,0,0,3,0,1,2
Bachelorette,12,12_CHASE_M,,,R,,,R,,,E,,,,D1,D11,D9,D2,D3,D1,D1,,0,0,0,0,0,0,0,3,0,1,2
Bachelorette,12,12_LUKE_P,,,,R,,R,,E,,,,D10,,D1,D9,D5,D1,D1,,,0,0,0,0,0,0,0,3,0,1,2
Bachelorette,12,12_JAMES_T,,R,R,,,,E,,,,,D6,D1,D11,D9,D5,D3,,,,0,0,0,0,0,0,0,1,0,1,2
Bachelorette,12,12_ALEX_W,,,,R,,,E,,,,,D6,D12,D2,D9,D5,D1,,,,0,0,0,0,0,0,0,1,0,1,1
Bachelorette,12,12_DEREK_P,,R,,,R,E,,,,,,D1,,D11,D1,D2,,,,,0,0,0,0,0,0,1,2,0,1,2
Bachelorette,12,12_WELLS_A,,R,,,,E,,,,,,D10,D12,D11,D9,D1,,,,,0,0,0,0,0,0,0,1,0,1,1
Bachelorette,12,12_VINCENT_V,,,,,E,,,,,,,D10,D12,D11,D9,,,,,,0,0,0,0,0,0,0,0,0,1,0
Bachelorette,12,12_GRANT_K,,,,,E,,,,,,,D10,D12,D11,D9,,,,,,0,0,0,0,0,0,0,0,0,1,0
Bachelorette,12,12_EVAN_B,,,R,,E,,,,,,,D10,D12,D11,D9,,,,,,0,0,0,0,0,0,0,0,0,1,1
Bachelorette,12,12_JAMES_F,,,,E,,,,,,,,D10,D12,D11,,,,,,,0,0,0,0,0,0,0,0,0,1,0
Bachelorette,12,12_DANIEL_M,,,,E,,,,,,,,D10,D12,D11,,,,,,,0,0,0,0,0,0,0,0,0,1,0
Bachelorette,12,12_CHAD_J,,,,E,,,,,,,,D6,D12,D2,,,,,,,0,0,0,0,0,0,0,0,0,1,0
Bachelorette,12,12_NICK_B,,,E,,,,,,,,,D6,D12,,,,,,,,0,0,0,0,0,0,0,0,0,1,0
Bachelorette,12,12_CHRISTIAN_B,,,E,,,,,,,,,D6,D12,,,,,,,,0,0,0,0,0,0,0,0,0,1,0
Bachelorette,12,12_ALI_Z,,,E,,,,,,,,,D10,D12,,,,,,,,0,0,0,0,0,0,0,0,0,1,0
Bachelorette,12,12_WILL_H,,E,,,,,,,,,,D10,,,,,,,,,0,0,0,0,0,0,0,0,0,1,0
Bachelorette,12,12_JAMES_S,,E,,,,,,,,,,,,,,,,,,,0,0,0,0,0,0,0,0,0,1,0
Bachelorette,12,12_BRANDON_H,,E,,,,,,,,,,,,,,,,,,,0,0,0,0,0,0,0,0,0,1,0
Bachelorette,11,11_SHAWN_B,R1,,R,,R,,,,W,,,,D6,D8,D1,,D3,D1,D1,,0,1,0,0,0,1,0,3,1,1,2
Bachelorette,11,11_NICK_V,,,,,R,R,,,E,,,,,,D9,D1,D3,D1,D1,,0,0,0,0,0,0,0,3,0,1,2
Bachelorette,11,11_BEN_H,,,R,,R,,,E,,,,D8,D6,D5,D1,D5,D1,D1,,,0,0,0,0,0,0,0,3,0,1,2
Bachelorette,11,11_JARED_H,,,,R,,R,E,,,,,D8,D6,D1,D9,D5,D1,D1,,,0,0,0,0,0,0,0,3,0,1,2
Bachelorette,11,11_JOE_B,,,,,,R,E,,,,,D7,D6,D5,,D2,D3,,,,0,0,0,0,0,0,0,0,0,1,1
Bachelorette,11,11_CHRIS_S,,,,R,,,E,,,,,D7,D6,D5,D9,D5,D1,,,,0,0,0,0,0,0,0,1,0,1,1
Bachelorette,11,11_BEN_Z,,R,R,,,E,,,,,,D8,D1,D8,D9,D5,,,,,0,0,0,0,0,0,0,1,0,1,2
Bachelorette,11,11_TANNER_T,,,,,,E,,,,,,D8,D6,D8,D9,D5,,,,,0,0,0,0,0,0,0,0,0,1,0
Bachelorette,11,11_JJ_L,,R,,,,E,,,,,,D7,D6,D8,D9,D2,,,,,0,0,0,0,0,0,0,0,0,1,1
Bachelorette,11,11_JOSHUA_A,,,,,E,,,,,,,D7,D6,D5,D9,,,,,,0,0,0,0,0,0,0,0,0,1,0
Bachelorette,11,11_JUSTIN_R,,,,R,E,,,,,,,D8,,D8,D9,,,,,,0,0,0,0,0,0,0,0,0,1,1
Bachelorette,11,11_IAN_T,,,,,E,,,,,,,D7,,D5,D9,,,,,,0,0,0,0,0,0,0,0,0,1,0
Bachelorette,11,11_COREY_S,,,,E,,,,,,,,D8,,D8,,,,,,,0,0,0,0,0,0,0,0,0,1,0
Bachelorette,11,11_JONATHAN_H,,,,E,,,,,,,,D7,D6,D8,,,,,,,0,0,0,0,0,0,0,0,0,1,0
Bachelorette,11,11_RYAN_B,,,,E,,,,,,,,,D6,D8,,,,,,,0,0,0,0,0,0,0,0,0,1,0
Bachelorette,11,11_CLINT_A,,R,E,,,,,,,,,D1,D6,,,,,,,,0,0,0,0,0,0,1,1,0,1,1
Bachelorette,11,11_TONY_H,,,E,,,,,,,,,D7,D6,,,,,,,,0,0,0,0,0,0,0,0,0,1,0
Bachelorette,11,11_CORY_S,,E,,,,,,,,,,,,,,,,,,,0,0,0,0,0,0,0,0,0,1,0
Bachelorette,11,11_DANIEL_F,,E,,,,,,,,,,D8,,,,,,,,,0,0,0,0,0,0,0,0,0,1,0
Bachelorette,11,11_KUPAH_J,,E,,,,,,,,,,D8,,,,,,,,,0,0,0,0,0,0,0,0,0,1,0
Bachelorette,10,10_JOSH_M,,,R,,R,,,,,W,,D14,D12,,D1,D6,D1,D1,D1,D1,1,0,0,0,0,1,0,5,0,1,2
Bachelorette,10,10_NICK_V,R1,,R,,,R,R,,,E,,,D1,D6,D9,D1,D4,D1,D1,D1,0,0,0,0,0,0,0,5,1,1,3
Bachelorette,10,10_CHRIS_S,,R,,,,R,,,E,,,D1,,,D9,D6,D4,D1,D1,,0,0,0,0,0,0,1,3,0,1,2
Bachelorette,10,10_MARCUS_G,,R,,R,,,,E,,,,D14,D12,D1,D9,D6,D1,D1,,,0,0,0,0,0,0,0,3,0,1,2
Bachelorette,10,10_BRIAN_O,,,,R,R,,E,,,,,D14,D12,D6,D1,D6,D4,,,,0,0,0,0,0,0,0,1,0,1,2
Bachelorette,10,10_DYLAN_P,,,,R,,,E,,,,,D14,,D1,D9,D6,D4,,,,0,0,0,0,0,0,0,1,0,1,1
Bachelorette,10,10_JJ_O,,,R,,R,E,,,,,,,D1,,D9,D6,,,,,0,0,0,0,0,0,0,1,0,1,2
Bachelorette,10,10_CODY_S,,,,,,E,,,,,,D14,D12,D6,D9,D1,,,,,0,0,0,0,0,0,0,1,0,1,0
Bachelorette,10,10_ANDREW_P,,,,,E,,,,,,,,D12,D6,D9,,,,,,0,0,0,0,0,0,0,0,0,1,0
Bachelorette,10,10_MARQUEL_M,,,,,E,,,,,,,D14,D12,D6,D9,,,,,,0,0,0,0,0,0,0,0,0,1,0
Bachelorette,10,10_PATRICK_J,,,,,E,,,,,,,D14,D12,,D9,,,,,,0,0,0,0,0,0,0,0,0,1,0
Bachelorette,10,10_TASOS_H,,,,E,,,,,,,,D14,D12,,,,,,,,0,0,0,0,0,0,0,0,0,1,0
Bachelorette,10,10_ERIC_H,,R,,E,,,,,,,,D1,D12,D6,,,,,,,0,0,0,0,0,0,1,1,0,1,1
Bachelorette,10,10_BRADLEY_W,,,E,,,,,,,,,D14,D12,,,,,,,,0,0,0,0,0,0,0,0,0,1,0
Bachelorette,10,10_BRETT_M,,,E,,,,,,,,,D14,D12,,,,,,,,0,0,0,0,0,0,0,0,0,1,0
Bachelorette,10,10_RON_W,,,E,,,,,,,,,D14,D12,,,,,,,,0,0,0,0,0,0,0,0,0,1,0
Bachelorette,10,10_CARL_K,,E,,,,,,,,,,D14,,,,,,,,,0,0,0,0,0,0,0,0,0,1,0
Bachelorette,10,10_CRAIG_M,,E,,,,,,,,,,D14,,,,,,,,,0,0,0,0,0,0,0,0,0,1,0
Bachelorette,10,10_NICK_S,,E,,,,,,,,,,D14,,,,,,,,,0,0,0,0,0,0,0,0,0,1,0
Bachelorette,09,09_CHRIS_S,,,R,,R,,,,,W,,,D10,D10,D1,D6,D1,D1,D1,D1,1,0,0,0,0,1,0,5,0,1,2
Bachelorette,09,09_DREW_K,R1,,,,,R,R,,,E,,D14,D10,D10,D7,D1,D2,D1,D1,D1,0,0,0,0,0,0,0,4,1,1,2
Bachelorette,09,09_BROOKS_F,,R,,,R,,,,E,,,D1,D10,D10,D7,D6,D1,D1,,,0,0,0,0,0,0,1,3,0,1,2
Bachelorette,09,09_ZAK_W,R1,,,R,,R,,E,,,,D14,D5,D10,D7,D1,D2,D1,,,0,0,0,0,0,0,0,2,1,1,2
Bachelorette,09,09_MICHAEL_G,R1,,,,R,,E,,,,,D14,D10,D10,D2,D6,D1,,,,0,0,0,0,0,0,0,1,1,1,1
Bachelorette,09,09_JAMES_C,,,R,R,,E,,,,,,D14,D5,D1,D7,D6,,,,,0,0,0,0,0,0,0,1,0,1,2
Bachelorette,09,09_JUAN_G,,,,,,E,,,,,,D14,D5,D10,D7,D6,,,,,0,0,0,0,0,0,0,0,0,1,0
Bachelorette,09,09_KASEY_S,,,R,,,E,,,,,,D14,D1,D10,D7,D6,,,,,0,0,0,0,0,0,0,1,0,1,1
Bachelorette,09,09_MIKEY_T,,,,,E,,,,,,,D14,D10,D10,D7,,,,,,0,0,0,0,0,0,0,0,0,1,0
Bachelorette,09,09_BEN_S,R1,R,,,E,,,,,,,D14,D10,D10,D2,,,,,,0,0,0,0,0,0,0,0,1,1,1
Bachelorette,09,09_BRYDEN_V,R1,R,,,E,,,,,,,D1,D5,D10,,,,,,,0,0,0,0,0,0,1,1,1,1,1
Bachelorette,09,09_ZACK_K,,,,E,,,,,,,,D14,D10,,,,,,,,0,0,0,0,0,0,0,0,0,1,0
Bachelorette,09,09_BRAD_M,,,,E,,,,,,,,,D10,D1,,,,,,,0,0,0,0,0,0,0,1,0,1,0
Bachelorette,09,09_BRANDON_A,,,E,,,,,,,,,D14,D10,,,,,,,,0,0,0,0,0,0,0,0,0,1,0
Bachelorette,09,09_DAN_C,,,E,,,,,,,,,D14,D5,,,,,,,,0,0,0,0,0,0,0,0,0,1,0
Bachelorette,09,09_BRIAN_J,,,E,,,,,,,,,D14,D10,,,,,,,,0,0,0,0,0,0,0,0,0,1,0
Bachelorette,09,09_NICK_M,R1,E,,,,,,,,,,D14,,,,,,,,,0,0,0,0,0,0,0,0,1,1,0
Bachelorette,09,09_ROBERT_G,,E,,,,,,,,,,,,,,,,,,,0,0,0,0,0,0,0,0,0,1,0
Bachelorette,09,09_WILL_R,,E,,,,,,,,,,D14,,,,,,,,,0,0,0,0,0,0,0,0,0,1,0
Bachelorette,08,08_JEF_H,,R,,R,R,,,,,W,,D13,D12,D8,D1,D6,D1,D1,D1,D1,1,0,0,0,0,1,0,5,0,1,3
Bachelorette,08,08_ARIE_L,,,R,,,,,,,E,,,D1,D8,D8,D6,D1,D1,D1,,0,0,0,0,0,0,0,4,0,1,1
Bachelorette,08,08_SEAN_L,,,R,,R,,R,,E,,,,D12,D8,D1,D6,D3,D1,D1,,0,0,0,0,0,0,0,3,0,1,3
Bachelorette,08,08_CHRIS_B,,,R,,,R,,E,,,,D13,D1,D8,D8,D6,D3,D1,,,0,0,0,0,0,0,0,2,0,1,2
Bachelorette,08,08_JOHN_W,,,,R,,,E,,,,,D13,D12,D2,D8,D6,D1,,,,0,0,0,0,0,0,0,1,0,1,1
Bachelorette,08,08_DOUG_C,R1,,,R,,,E,,,,,,D12,D1,D8,D6,D3,,,,0,0,0,0,0,0,0,1,1,1,1
Bachelorette,08,08_RYAN_B,,R,,,,E,,,,,,D1,D12,D8,D8,D1,,,,,0,0,0,0,0,0,1,2,0,1,1
Bachelorette,08,08_TRAVIS_P,,,,,,E,,,,,,,D12,D8,D8,D1,,,,,0,0,0,0,0,0,0,1,0,1,0
Bachelorette,08,08_ALEJANDRO_V,,,,,E,,,,,,,D13,D12,,D8,,,,,,0,0,0,0,0,0,0,0,0,1,0
Bachelorette,08,08_KALON_M,,,,,E,,,,,,,D13,,D8,D8,,,,,,0,0,0,0,0,0,0,0,0,1,0
Bachelorette,08,08_CHARLIE_G,,,,E,,,,,,,,D13,D12,D8,,,,,,,0,0,0,0,0,0,0,0,0,1,0
Bachelorette,08,08_MICHAEL_N,,,,E,,,,,,,,D13,D12,,,,,,,,0,0,0,0,0,0,0,0,0,1,0
Bachelorette,08,08_NATHAN_B,,,,E,,,,,,,,D13,,D2,,,,,,,0,0,0,0,0,0,0,0,0,1,0
Bachelorette,08,08_STEVIE_A,,,E,,,,,,,,,D13,D12,,,,,,,,0,0,0,0,0,0,0,0,0,1,0
Bachelorette,08,08_ALESSANDRO_G,,,E,,,,,,,,,D13,D12,,,,,,,,0,0,0,0,0,0,0,0,0,1,0
Bachelorette,08,08_TONY_P,,,E,,,,,,,,,D13,D12,,,,,,,,0,0,0,0,0,0,0,0,0,1,0
Bachelorette,08,08_AARON_M,,E,,,,,,,,,,D13,,,,,,,,,0,0,0,0,0,0,0,0,0,1,0
Bachelorette,08,08_KYLE_D,,E,,,,,,,,,,D13,,,,,,,,,0,0,0,0,0,0,0,0,0,1,0
Bachelorette,08,08_JOE_G,,E,,,,,,,,,,D1,,,,,,,,,0,0,0,0,0,0,1,1,0,1,0
Bachelorette,07,07_JP_R,,,R,,,R,R,,,W,,,D1,D10,D8,D1,D3,D1,D1,D1,1,0,0,0,0,1,0,5,0,1,3
Bachelorette,07,07_BEN_F,,,,R,R,,,,,E,,D6,D10,D10,D1,D6,D1,D1,D1,D1,0,0,0,0,0,0,0,5,0,1,2
Bachelorette,07,07_CONSTANTINE_T,,,,R,,,,,E,,,,,D1,D8,D6,D1,D1,D1,,0,0,0,0,0,0,0,4,0,1,1
Bachelorette,07,07_AMES_B,,,,R,,,,E,,,,,D10,D1,D8,D6,D3,D1,,,0,0,0,0,0,0,0,2,0,1,1
Bachelorette,07,07_LUCAS_D,,,,,,R,E,,,,,D6,D10,D10,D8,D1,D3,,,,0,0,0,0,0,0,0,1,0,1,1
Bachelorette,07,07_RYAN_P,R1,,R,,,R,E,,,,,,D10,D10,D8,D6,D1,,,,0,0,0,0,0,0,0,1,1,1,2
Bachelorette,07,07_BLAKE_J,,,,,R,E,,,,,,D6,D10,D10,D8,D6,,,,,0,0,0,0,0,0,0,0,0,1,1
Bachelorette,07,07_RYAN_M,,R,,,,E,,,,,,D1,,D10,D8,D6,,,,,0,0,0,0,0,0,1,1,0,1,1
Bachelorette,07,07_NICK_P,,,,,E,,,,,,,D6,D10,D10,D8,,,,,,0,0,0,0,0,0,0,0,0,1,0
Bachelorette,07,07_WILLIAM_H,,R,,,E,,,,,,,D1,D10,D10,D2,,,,,,0,0,0,0,0,0,1,1,0,1,1
Bachelorette,07,07_BEN_C,,,R,,E,,,,,,,,D1,D10,D2,,,,,,0,0,0,0,0,0,0,1,0,1,1
Bachelorette,07,07_WEST_L,,,,E,,,,,,,,D6,,D10,,,,,,,0,0,0,0,0,0,0,0,0,1,0
Bachelorette,07,07_CHRIS_D,,,E,,,,,,,,,,D10,,,,,,,,0,0,0,0,0,0,0,0,0,1,0
Bachelorette,07,07_JEFF_M,,,E,,,,,,,,,,D10,,,,,,,,0,0,0,0,0,0,0,0,0,1,0
Bachelorette,07,07_BENTLEY_W,,R,E,,,,,,,,,D6,D10,,,,,,,,0,0,0,0,0,0,0,0,0,1,1
Bachelorette,07,07_MATT_C,,E,,,,,,,,,,,,,,,,,,,0,0,0,0,0,0,0,0,0,1,0
Bachelorette,07,07_RYAN_M,,E,,,,,,,,,,,,,,,,,,,0,0,0,0,0,0,0,0,0,1,0
Bachelorette,07,07_STEPHEN_D,,E,,,,,,,,,,,,,,,,,,,0,0,0,0,0,0,0,0,0,1,0
Bachelorette,06,06_ROBERT_M,R1,,R,,,,,,,W,,,D1,D7,D6,D4,D1,D1,D1,D1,1,0,0,0,0,1,0,5,1,1,1
Bachelorette,06,06_CHRIS_L,,,,R,,,,,,E,,,D9,D1,D6,D4,D1,D1,D1,D1,0,0,0,0,0,0,0,5,0,1,1
Bachelorette,06,06_FRANK_N,,R,,,,R,,,E,,,D1,D9,D7,D6,D1,D2,D1,D1,,0,0,0,0,0,0,1,4,0,1,2
Bachelorette,06,06_KIRK_D,,,R,,R,,,E,,,,D12,D9,D7,D1,D4,D1,D1,,,0,0,0,0,0,0,0,3,0,1,2
Bachelorette,06,06_TY_B,,R,,,R,R,E,,,,,D12,,D7,D6,D1,D2,,,,0,0,0,0,0,0,0,1,0,1,3
Bachelorette,06,06_CRAIG_R,,,,,,E,,,,,,D12,D9,D7,D6,D4,,,,,0,0,0,0,0,0,0,0,0,1,0
Bachelorette,06,06_JUSTIN_R,,,,,R,E,,,,,,D12,D9,,D2,,,,,,0,0,0,0,0,0,0,0,0,1,1
Bachelorette,06,06_CHRIS_N,,,,,E,,,,,,,D12,D9,,D6,,,,,,0,0,0,0,0,0,0,0,0,1,0
Bachelorette,06,06_KASEY_K,,,,,E,,,,,,,D12,,D1,D2,,,,,,0,0,0,0,0,0,0,1,0,1,0
Bachelorette,06,06_JESSE_B,,R,,E,,,,,,,,D1,D9,D7,,,,,,,0,0,0,0,0,0,1,1,0,1,1
Bachelorette,06,06_JONATHAN_N,,,,E,,,,,,,,D12,D9,D7,,,,,,,0,0,0,0,0,0,0,0,0,1,0
Bachelorette,06,06_JOHN_C,,,E,,,,,,,,,,D9,,,,,,,,0,0,0,0,0,0,0,0,0,1,0
Bachelorette,06,06_STEVE_K,,,E,,,,,,,,,D12,,,,,,,,,0,0,0,0,0,0,0,0,0,1,0
Bachelorette,06,06_HUNTER_W,,,E,,,,,,,,,D12,D1,,,,,,,,0,0,0,0,0,0,0,1,0,1,0
Bachelorette,06,06_CHRIS_H,,E,,,,,,,,,,D12,,,,,,,,,0,0,0,0,0,0,0,0,0,1,0
Bachelorette,06,06_CRAIG_M,,E,,,,,,,,,,D12,,,,,,,,,0,0,0,0,0,0,0,0,0,1,0
Bachelorette,06,06_TYLER_V,,E,,,,,,,,,,D12,,,,,,,,,0,0,0,0,0,0,0,0,0,1,0
Bachelorette,05,05_ED_S,,,R,,,,,,,W,,D8,D1,D10,D8,,D1,D1,D1,D1,1,0,0,0,0,1,0,5,0,1,1
Bachelorette,05,05_KIPTYN_L,,,,R,,R,,,,E,,D7,D11,D1,D8,D6,D1,D1,D1,D1,0,0,0,0,0,0,0,5,0,1,2
Bachelorette,05,05_REID_R,,,,,,R,,,E,,,,D11,D10,D8,D1,D1,D1,D1,,0,0,0,0,0,0,0,4,0,1,1
Bachelorette,05,05_WES_H,,R,,,,,,E,,,,D8,D11,D10,D8,D6,D1,D1,,,0,0,0,0,0,0,0,2,0,1,1
Bachelorette,05,05_JESSE_K,,,,R,R,,E,,,,,D7,,D10,D1,D6,D1,,,,0,0,0,0,0,0,0,2,0,1,2
Bachelorette,05,05_MICHAEL_S,,,,,R,,E,,,,,D8,D11,D10,D1,D6,D1,,,,0,0,0,0,0,0,0,2,0,1,1
Bachelorette,05,05_JAKE_P,,R,,,,E,,,,,,D1,,D10,D8,D6,,,,,0,0,0,0,0,0,1,1,0,1,1
Bachelorette,05,05_TANNER_P,,,,,,E,,,,,,D8,D11,D10,D8,D6,,,,,0,0,0,0,0,0,0,0,0,1,0
Bachelorette,05,05_ROBBY_D,,,R,,,E,,,,,,,D11,D10,D8,D1,,,,,0,0,0,0,0,0,0,1,0,1,1
Bachelorette,05,05_MARK_H,,,,R,E,,,,,,,D7,D11,D2,D8,,,,,,0,0,0,0,0,0,0,0,0,1,1
Bachelorette,05,05_DAVID_G,R1,,,E,,,,,,,,D7,,D10,,,,,,,0,0,0,0,0,0,0,0,1,1,0
Bachelorette,05,05_JUAN_B,,R,,E,,,,,,,,D7,D11,D10,,,,,,,0,0,0,0,0,0,0,0,0,1,1
Bachelorette,05,05_MIKE_S,,R,,E,,,,,,,,D7,D11,D2,,,,,,,0,0,0,0,0,0,0,0,0,1,1
Bachelorette,05,05_BRAD_S,,,E,,,,,,,,,D8,D11,,,,,,,,0,0,0,0,0,0,0,0,0,1,0
Bachelorette,05,05_TANNER_F,,,E,,,,,,,,,,D11,,,,,,,,0,0,0,0,0,0,0,0,0,1,0
Bachelorette,05,05_SASHA_P,,,E,,,,,,,,,D8,D1,,,,,,,,0,0,0,0,0,0,0,1,0,1,0
Bachelorette,05,05_BRIAN_D,,E,,,,,,,,,,D8,,,,,,,,,0,0,0,0,0,0,0,0,0,1,0
Bachelorette,05,05_JULIEN_H,,E,,,,,,,,,,,,,,,,,,,0,0,0,0,0,0,0,0,0,1,0
Bachelorette,05,05_MATHUE_J,,E,,,,,,,,,,D8,,,,,,,,,0,0,0,0,0,0,0,0,0,1,0
Bachelorette,05,05_SIMON_A,,E,,,,,,,,,,D7,,,,,,,,,0,0,0,0,0,0,0,0,0,1,0
Bachelorette,04,04_JESSE_C,R1,,,R,,,,W,,,,D7,D10,D1,D4,D1,D1,D1,,,0,0,1,0,0,1,0,4,1,1,1
Bachelorette,04,04_JASON_M,,,R,,,,,E,,,,D7,D1,D6,D4,D1,D1,D1,,,0,0,0,0,0,0,0,4,0,1,1
Bachelorette,04,04_JEREMY_A,R1,R,,,,,E,,,,,D7,D10,D6,D1,D1,D1,,,,0,0,0,0,0,0,0,3,1,1,1
Bachelorette,04,04_GRAHAM_B,,R,,,,E,,,,,,D1,D10,D6,D4,D1,,,,,0,0,0,0,0,0,1,2,0,1,1
Bachelorette,04,04_SEAN_R,,,,R,E,,,,,,,D7,D10,D6,D1,,,,,,0,0,0,0,0,0,0,1,0,1,1
Bachelorette,04,04_BLAINE_T,,,,,E,,,,,,,D7,D10,D6,D4,,,,,,0,0,0,0,0,0,0,0,0,1,0
Bachelorette,04,04_BRIAN_T,,,,E,,,,,,,,D7,D10,D6,,,,,,,0,0,0,0,0,0,0,0,0,1,0
Bachelorette,04,04_FREDERICK_G,,,R,E,,,,,,,,D7,D10,D2,,,,,,,0,0,0,0,0,0,0,0,0,1,1
Bachelorette,04,04_ROBERT_F,,,R,E,,,,,,,,D7,D10,D2,,,,,,,0,0,0,0,0,0,0,0,0,1,1
Bachelorette,04,04_PAUL_B,,R,E,,,,,,,,,D7,D10,,,,,,,,0,0,0,0,0,0,0,0,0,1,1
Bachelorette,04,04_RONALD_M,,,E,,,,,,,,,D7,D10,,,,,,,,0,0,0,0,0,0,0,0,0,1,0
Bachelorette,04,04_RICHARD_M,R1,,E,,,,,,,,,D7,D1,,,,,,,,0,0,0,0,0,0,0,1,1,1,0
Bachelorette,04,04_CHRISTOPHER_B,,E,,,,,,,,,,D7,,,,,,,,,0,0,0,0,0,0,0,0,0,1,0
Bachelorette,04,04_ERIC_P,,E,,,,,,,,,,D7,,,,,,,,,0,0,0,0,0,0,0,0,0,1,0
Bachelorette,04,04_RYAN_H,,E,,,,,,,,,,D7,,,,,,,,,0,0,0,0,0,0,0,0,0,1,0
Bachelorette,03,03_JERRY_F,,,,,,,,W,,,,D7,D6,D1,D1,D1,D1,,,,0,0,1,0,0,1,0,4,0,1,0
Bachelorette,03,03_JOHN PAUL_M,,,,,,,E,,,,,D7,D1,D4,D1,D1,D1,,,,0,0,0,0,0,0,0,4,0,1,0
Bachelorette,03,03_RYAN_SH,,,,,,E,,,,,,D7,D6,D1,D1,D1,,,,,0,0,0,0,0,0,0,3,0,1,0
Bachelorette,03,03_WENDELL_J,,,,,E,,,,,,,D7,D6,D4,D1,,,,,,0,0,0,0,0,0,0,1,0,1,0
Bachelorette,03,03_FABRICE_L,,,,E,,,,,,,,D7,D1,D4,,,,,,,0,0,0,0,0,0,0,1,0,1,0
Bachelorette,03,03_BEN_S,,,,E,,,,,,,,D7,D6,D4,,,,,,,0,0,0,0,0,0,0,0,0,1,0
Bachelorette,03,03_JOSH_C,,,E,,,,,,,,,D7,D6,,,,,,,,0,0,0,0,0,0,0,0,0,1,0
Bachelorette,03,03_KEITH,R1,,E,,,,,,,,,D1,D6,,,,,,,,0,0,0,0,0,0,1,1,1,1,0
Bachelorette,03,03_A.W.,,E,,,,,,,,,,D7,,,,,,,,,0,0,0,0,0,0,0,0,0,1,0
Bachelorette,03,03_JASON_I,,E,,,,,,,,,,D7,,,,,,,,,0,0,0,0,0,0,0,0,0,1,0
Bachelorette,03,03_MARK,,E,,,,,,,,,,D7,,,,,,,,,0,0,0,0,0,0,0,0,0,1,0
Bachelorette,03,03_MATT_M,,E,,,,,,,,,,D7,,,,,,,,,0,0,0,0,0,0,0,0,0,1,0
Bachelorette,03,03_MICHAEL_F,,E,,,,,,,,,,D7,,,,,,,,,0,0,0,0,0,0,0,0,0,1,0
Bachelorette,03,03_RYAN_SM,,E,,,,,,,,,,D7,,,,,,,,,0,0,0,0,0,0,0,0,0,1,0
Bachelorette,03,03_STU_L,,E,,,,,,,,,,D7,,,,,,,,,0,0,0,0,0,0,0,0,0,1,0
Bachelorette,02,02_IAN_M,,,,,,,W,,,,,D7,D1,D4,D1,D1,D1,,,,0,0,0,1,0,1,0,4,0,1,0
Bachelorette,02,02_MATTHEW_H,,,,,,,E,,,,,D7,D7,D1,D1,D1,D1,,,,0,0,0,0,0,0,0,4,0,1,0
Bachelorette,02,02_CHAD_X,,,,,,E,,,,,,D7,D7,D1,D1,D1,,,,,0,0,0,0,0,0,0,3,0,1,0
Bachelorette,02,02_LANNY_X,,,,,E,,,,,,,D7,D7,D1,D1,,,,,,0,0,0,0,0,0,0,2,0,1,0
Bachelorette,02,02_BRAD_X,,,,E,,,,,,,,D7,D7,D4,,,,,,,0,0,0,0,0,0,0,0,0,1,0
Bachelorette,02,02_RYAN_M,,,,E,,,,,,,,D7,D2,D4,,,,,,,0,0,0,0,0,0,0,0,0,1,0
Bachelorette,02,02_SEAN_X,,,,E,,,,,,,,D7,D7,D4,,,,,,,0,0,0,0,0,0,0,0,0,1,0
Bachelorette,02,02_RICK_X,,,E,,,,,,,,,D1,D7,,,,,,,,0,0,0,0,0,0,1,1,0,1,0
Bachelorette,02,02_RYAN_R,,,E,,,,,,,,,D7,D7,,,,,,,,0,0,0,0,0,0,0,0,0,1,0
Bachelorette,02,02_TODD_X,,,E,,,,,,,,,D7,D2,,,,,,,,0,0,0,0,0,0,0,0,0,1,0
Bachelorette,02,02_DAMON_X,,E,,,,,,,,,,D7,,,,,,,,,0,0,0,0,0,0,0,0,0,1,0
Bachelorette,02,02_ELIOT_X,,E,,,,,,,,,,D7,,,,,,,,,0,0,0,0,0,0,0,0,0,1,0
Bachelorette,02,02_HAROLD_H,,E,,,,,,,,,,D7,,,,,,,,,0,0,0,0,0,0,0,0,0,1,0
Bachelorette,02,02_MARCUS_X,,E,,,,,,,,,,D7,,,,,,,,,0,0,0,0,0,0,0,0,0,1,0
Bachelorette,02,02_ROBERT_X,,E,,,,,,,,,,D7,,,,,,,,,0,0,0,0,0,0,0,0,0,1,0
Bachelorette,01,01_RYAN_S,,,,,,W,,,,,,D14,D1,D1,D1,D1,,,,,0,0,0,0,1,1,0,4,0,1,0
Bachelorette,01,01_CHARLIE_M,,,,,,E,,,,,,D14,D1,D1,D1,D1,,,,,0,0,0,0,0,0,0,4,0,1,0
Bachelorette,01,01_RUSS_X,,,,,E,,,,,,,D14,D1,D1,D1,,,,,,0,0,0,0,0,0,0,3,0,1,0
Bachelorette,01,01_GREG_T,,,,E,,,,,,,,D14,D5,D1,,,,,,,0,0,0,0,0,0,0,1,0,1,0
Bachelorette,01,01_BOB_G,,,E,,,,,,,,,D14,D5,,,,,,,,0,0,0,0,0,0,0,0,0,1,0
Bachelorette,01,01_JAMIE_B,,,E,,,,,,,,,D14,D5,,,,,,,,0,0,0,0,0,0,0,0,0,1,0
Bachelorette,01,01_MIKE_X,,,E,,,,,,,,,D14,D5,,,,,,,,0,0,0,0,0,0,0,0,0,1,0
Bachelorette,01,01_ROB_X,,,E,,,,,,,,,D14,D5,,,,,,,,0,0,0,0,0,0,0,0,0,1,0
Bachelorette,01,01_BRIAN_C,,E,,,,,,,,,,D14,,,,,,,,,0,0,0,0,0,0,0,0,0,1,0
Bachelorette,01,01_BRIAN_S,,E,,,,,,,,,,D14,,,,,,,,,0,0,0,0,0,0,0,0,0,1,0
Bachelorette,01,01_BROOK_X,,E,,,,,,,,,,D14,,,,,,,,,0,0,0,0,0,0,0,0,0,1,0
Bachelorette,01,01_JACK_X,,E,,,,,,,,,,D14,,,,,,,,,0,0,0,0,0,0,0,0,0,1,0
Bachelorette,01,01_JEFF_X,,E,,,,,,,,,,D14,,,,,,,,,0,0,0,0,0,0,0,0,0,1,0
Bachelorette,01,01_JOSH_X,,E,,,,,,,,,,D14,,,,,,,,,0,0,0,0,0,0,0,0,0,1,0
Bachelorette,01,01_BRIAN_H,,E,,,,,,,,,,D14,,,,,,,,,0,0,0,0,0,0,0,0,0,1,0
Bachelor,21,21_VANESSA_G,R1,,R,,,,,,,W,,D12,D1,D13,D10,D6,D1,D1,D1,D1,1,0,0,0,0,1,0,5,1,0,1
Bachelor,21,21_RAVEN_G,,,,R,,R,R,,,E,,D12,,D1,D10,D6,D3,D1,D1,D1,0,0,0,0,0,0,0,4,0,0,3
Bachelor,21,21_RACHEL_L,,,R,,R,,,,E,,,,D7,D13,D1,D6,D1,D1,D1,,0,0,0,0,0,0,0,4,0,0,2
Bachelor,21,21_CORRINE_O,,R,,,R,,,E,,,,D12,D7,D13,D2,D6,D3,D1,,,0,0,0,0,0,0,0,1,0,0,2
Bachelor,21,21_KRISTINA_S,,,,R,R,R,E,,,,,D6,D7,D13,D10,D1,D3,,,,0,0,0,0,0,0,0,1,0,0,3
Bachelor,21,21_DANIELLE_M,,R,,,,,E,,,,,D1,,D13,D10,D6,D1,,,,0,0,0,0,0,0,1,2,0,0,1
Bachelor,21,21_DANIELLE_L,,,R,R,,E,,,,,,D12,D7,D1,D10,D2,,,,,0,0,0,0,0,0,0,1,0,0,2
Bachelor,21,21_WHITNEY_F,,,,,,E,,,,,,,D7,D13,D10,D2,,,,,0,0,0,0,0,0,0,0,0,0,0
Bachelor,21,21_JASMINE_G,,,,,,E,,,,,,D12,D7,D13,D10,D6,,,,,0,0,0,0,0,0,0,0,0,0,0
Bachelor,21,21_JAIMI_K,,,,,E,,,,,,,D6,D7,D13,D10,,,,,,0,0,0,0,0,0,0,0,0,0,0
Bachelor,21,21_JOSEPHINE_T,,,,,E,,,,,,,D6,,D13,D10,,,,,,0,0,0,0,0,0,0,0,0,0,0
Bachelor,21,21_ALEXIS_W,,,,,E,,,,,,,D12,D7,D13,D10,,,,,,0,0,0,0,0,0,0,0,0,0,0
Bachelor,21,21_TAYLOR_N,,,,,E,,,,,,,D12,D7,D13,D2,,,,,,0,0,0,0,0,0,0,0,0,0,0
Bachelor,21,21_ASTRID_L,,,,E,,,,,,,,D6,D7,D13,,,,,,,0,0,0,0,0,0,0,0,0,0,0
Bachelor,21,21_SARAH_V,,,,E,,,,,,,,D12,D7,D13,,,,,,,0,0,0,0,0,0,0,0,0,0,0
Bachelor,21,21_BRITTANY_F,,,E,,,,,,,,,D12,D7,,,,,,,,0,0,0,0,0,0,0,0,0,0,0
Bachelor,21,21_CHRISTEN_W,,R,E,,,,,,,,,D6,D7,,,,,,,,0,0,0,0,0,0,0,0,0,0,1
Bachelor,21,21_DOMINIQUE_A,,,E,,,,,,,,,,D7,,,,,,,,0,0,0,0,0,0,0,0,0,0,0
Bachelor,21,21_LACEY_M,,E,,,,,,,,,,D12,,,,,,,,,0,0,0,0,0,0,0,0,0,0,0
Bachelor,21,21_HAILEY_M,,E,,,,,,,,,,D12,,,,,,,,,0,0,0,0,0,0,0,0,0,0,0
Bachelor,21,21_ELIZABETH_W,,E,,,,,,,,,,D12,,,,,,,,,0,0,0,0,0,0,0,0,0,0,0
Bachelor,21,21_LIZ_S,,E,,,,,,,,,,D6,,,,,,,,,0,0,0,0,0,0,0,0,0,0,0
Bachelor,20,20_LAUREN_B,,,R,R,,,,,,W,,,D1,D12,D9,D7,D1,D1,D1,D1,1,0,0,0,0,1,0,5,0,0,2
Bachelor,20,20_JOJO_F,,R,,R,,,,,,E,,D10,,D1,D9,D7,D1,D1,D1,D1,0,0,0,0,0,0,0,5,0,0,2
Bachelor,20,20_CAILA_Q,,R,,,,R,,,E,,,D1,,D12,D9,D1,D3,D1,D1,,0,0,0,0,0,0,1,4,0,0,2
Bachelor,20,20_AMANDA_S,,,,,R,R,R,E,,,,D6,D12,D12,D1,D7,D3,D1,,,0,0,0,0,0,0,0,2,0,0,3
Bachelor,20,20_BECCA_T,,,,R,,,E,,,,,D10,,D1,D9,D7,D3,,,,0,0,0,0,0,0,0,1,0,0,1
Bachelor,20,20_EMILY_F,,,,,,R,E,,,,,D6,D12,D12,D9,D2,D1,,,,0,0,0,0,0,0,0,1,0,0,1
Bachelor,20,20_LAUREN_H,,,,,R,E,,,,,,D10,D12,D12,D1,D7,,,,,0,0,0,0,0,0,0,1,0,0,1
Bachelor,20,20_OLIVIA_C,R1,R,,,R,E,,,,,,D6,D12,D12,D9,D2,,,,,0,0,0,0,0,0,0,0,1,0,2
Bachelor,20,20_LEAH_B,,,,,,E,,,,,,,D12,D12,D9,D7,,,,,0,0,0,0,0,0,0,0,0,0,0
Bachelor,20,20_JENNIFER_S,,,,,E,,,,,,,D10,D12,D12,D9,,,,,,0,0,0,0,0,0,0,0,0,0,0
Bachelor,20,20_JUBILEE_S,,,R,,E,,,,,,,D10,D1,D12,D9,,,,,,0,0,0,0,0,0,0,1,0,0,1
Bachelor,20,20_AMBER_J,,,R,E,,,,,,,,D10,D12,D12,,,,,,,0,0,0,0,0,0,0,0,0,0,1
Bachelor,20,20_RACHEL_T,,,,E,,,,,,,,,D12,D12,,,,,,,0,0,0,0,0,0,0,0,0,0,0
Bachelor,20,20_HAYLEY_F,,,,E,,,,,,,,D6,D12,D12,,,,,,,0,0,0,0,0,0,0,0,0,0,0
Bachelor,20,20_JAMI_L,,,E,,,,,,,,,,D12,,,,,,,,0,0,0,0,0,0,0,0,0,0,0
Bachelor,20,20_SHUSHANNA_M,,,E,,,,,,,,,D6,D12,,,,,,,,0,0,0,0,0,0,0,0,0,0,0
Bachelor,20,20_LACE_M,,,E,,,,,,,,,D10,D12,,,,,,,,0,0,0,0,0,0,0,0,0,0,0
Bachelor,20,20_JACKIE_D,,E,,,,,,,,,,D10,,,,,,,,,0,0,0,0,0,0,0,0,0,0,0
Bachelor,20,20_MANDI_K,,E,,,,,,,,,,D10,,,,,,,,,0,0,0,0,0,0,0,0,0,0,0
Bachelor,20,20_SAMANTHA_P,,E,,,,,,,,,,D6,,,,,,,,,0,0,0,0,0,0,0,0,0,0,0
Bachelor,20,20_LB_B,,E,,,,,,,,,,D10,,,,,,,,,0,0,0,0,0,0,0,0,0,0,0
Bachelor,19,19_WHITNEY_B,,,R,,R,,,,,W,,,D1,D6,D9,D6,D1,D1,D1,D1,1,0,0,0,0,1,0,5,0,0,2
Bachelor,19,19_BECCA_T,,,R,,,R,,,,E,,D11,D12,D6,D9,D1,D1,D1,D1,D1,0,0,0,0,0,0,0,5,0,0,2
Bachelor,19,19_KAITLYN_B,,R,R,R,,,R,,E,,,D11,D1,D8,D9,D6,D3,D1,D1,,0,0,0,0,0,0,0,3,0,0,4
Bachelor,19,19_JADE_R,,,,R,,,,E,,,,D6,,D1,D9,D6,D1,D1,,,0,0,0,0,0,0,0,3,0,0,1
Bachelor,19,19_CARLY_W,,,,,R,,E,,,,,,D12,D6,D1,D6,D3,,,,0,0,0,0,0,0,0,1,0,0,1
Bachelor,19,19_BRITT_N,R1,,,,R,R,E,,,,,D11,D12,D6,D1,D6,D3,,,,0,0,0,0,0,0,0,1,1,0,2
Bachelor,19,19_MEGAN_B,,R,,,,E,,,,,,D1,,D8,D9,D6,,,,,0,0,0,0,0,0,1,1,0,0,1
Bachelor,19,19_KELSEY_P,,,,,,E,,,,,,D11,D12,D8,D9,D2,,,,,0,0,0,0,0,0,0,0,0,0,0
Bachelor,19,19_ASHLEY_I,,,,,,E,,,,,,D6,,D8,D9,D2,,,,,0,0,0,0,0,0,0,0,0,0,0
Bachelor,19,19_MACKENZIE_D,,R,,,E,,,,,,,D6,D12,D8,D9,,,,,,0,0,0,0,0,0,0,0,0,0,1
Bachelor,19,19_SAMANTHA_S,,,,,E,,,,,,,,D12,D8,D9,,,,,,0,0,0,0,0,0,0,0,0,0,0
Bachelor,19,19_ASHLEY_S,,,,E,,,,,,,,D11,D12,D8,,,,,,,0,0,0,0,0,0,0,0,0,0,0
Bachelor,19,19_JUELIA_K,,,,E,,,,,,,,D11,D12,D8,,,,,,,0,0,0,0,0,0,0,0,0,0,0
Bachelor,19,19_NIKKI_D,,,,E,,,,,,,,,D12,D6,,,,,,,0,0,0,0,0,0,0,0,0,0,0
Bachelor,19,19_JILIAN_A,,,,E,,,,,,,,D11,D12,D6,,,,,,,0,0,0,0,0,0,0,0,0,0,0
Bachelor,19,19_AMBER_J,,,E,,,,,,,,,D11,D12,,,,,,,,0,0,0,0,0,0,0,0,0,0,0
Bachelor,19,19_TRACY_D,,,E,,,,,,,,,D11,D12,,,,,,,,0,0,0,0,0,0,0,0,0,0,0
Bachelor,19,19_TRINA_S,,,E,,,,,,,,,D11,,,,,,,,,0,0,0,0,0,0,0,0,0,0,0
Bachelor,19,19_ALISSA_G,,E,,,,,,,,,,D11,,,,,,,,,0,0,0,0,0,0,0,0,0,0,0
Bachelor,19,19_JORDAN_B,,E,,,,,,,,,,,,,,,,,,,0,0,0,0,0,0,0,0,0,0,0
Bachelor,19,19_TANDRA_S,,E,,,,,,,,,,D6,,,,,,,,,0,0,0,0,0,0,0,0,0,0,0
Bachelor,19,19_TARA_E,,E,,,,,,,,,,D6,,,,,,,,,0,0,0,0,0,0,0,0,0,0,0
Bachelor,18,18_NIKKI_F,,,R,R,R,,,,,W,,D13,D10,D6,D1,D6,D1,D1,D1,D1,1,0,0,0,0,1,0,5,0,0,3
Bachelor,18,18_CLARE_C,,R,,,R,R,,,,E,,D1,,D6,D9,D1,D4,D1,D1,D1,0,0,0,0,0,0,1,5,0,0,3
Bachelor,18,18_ANDI_D,,,,R,,R,R,,E,,,D13,D10,D6,D9,D1,D4,D1,D1,,0,0,0,0,0,0,0,3,0,0,3
Bachelor,18,18_RENEE_O,,,,,R,,,E,,,,D13,D10,D6,D1,D6,D4,D1,,,0,0,0,0,0,0,0,2,0,0,1
Bachelor,18,18_CHELSIE_W,,,R,,,,E,,,,,D13,D1,D6,D9,D6,D4,,,,0,0,0,0,0,0,0,1,0,0,1
Bachelor,18,18_SHARLEEN_J,R1,,,R,,R,E,,,,,,D10,D1,D9,D6,D1,,,,0,0,0,0,0,0,0,2,1,0,2
Bachelor,18,18_KAT_H,,R,,,,E,,,,,,D1,,D6,D9,D6,,,,,0,0,0,0,0,0,1,1,0,0,1
Bachelor,18,18_CASSANDRA_F,,,R,,,E,,,,,,D13,D1,D6,D9,D6,,,,,0,0,0,0,0,0,0,1,0,0,1
Bachelor,18,18_ALLI_R,,,,,E,,,,,,,D13,D10,D6,D9,,,,,,0,0,0,0,0,0,0,0,0,0,0
Bachelor,18,18_DANIELLE_R,,,,,E,,,,,,,,D10,D6,D9,,,,,,0,0,0,0,0,0,0,0,0,0,0
Bachelor,18,18_KELLY_T,,R,,,E,,,,,,,D13,D10,D6,D9,,,,,,0,0,0,0,0,0,0,0,0,0,1
Bachelor,18,18_ELISE_M,,,,E,,,,,,,,D13,,D6,,,,,,,0,0,0,0,0,0,0,0,0,0,0
Bachelor,18,18_LAUREN_S,,,,E,,,,,,,,D13,D10,D6,,,,,,,0,0,0,0,0,0,0,0,0,0,0
Bachelor,18,18_CHRISTY_H,,,E,,,,,,,,,D13,D10,,,,,,,,0,0,0,0,0,0,0,0,0,0,0
Bachelor,18,18_LUCY_A,,,E,,,,,,,,,D13,D10,,,,,,,,0,0,0,0,0,0,0,0,0,0,0
Bachelor,18,18_AMY_L,,E,,,,,,,,,,,,,,,,,,,0,0,0,0,0,0,0,0,0,0,0
Bachelor,18,18_CHANTEL_F,,E,,,,,,,,,,D13,,,,,,,,,0,0,0,0,0,0,0,0,0,0,0
Bachelor,18,18_VICTORIA_L,,E,,,,,,,,,,D13,,,,,,,,,0,0,0,0,0,0,0,0,0,0,0
Bachelor,17,17_CATHERINE_G,R1,,,,,R,,,,W,,D13,D12,D8,D8,D1,D3,D1,D1,D1,1,0,0,0,0,1,0,4,1,0,1
Bachelor,17,17_LINDSAY_Y,,,R,,R,,R,,,E,,,D12,D8,D1,D7,D3,D1,D1,D1,0,0,0,0,0,0,0,4,0,0,3
Bachelor,17,17_ASHLEE_F,R1,,R,,,,,,E,,,,D1,D8,D8,D7,D1,D1,D1,,0,0,0,0,0,0,0,4,1,0,1
Bachelor,17,17_DESIREE_H,R1,R,,,,R,,E,,,,D1,D12,,D8,D1,D3,D1,,,0,0,0,0,0,0,1,3,1,0,2
Bachelor,17,17_LESLEY_M,,,R,,,R,E,,,,,D13,D1,,D8,D7,D1,,,,0,0,0,0,0,0,0,2,0,0,2
Bachelor,17,17_TIERRA_L,R1,,,R,R,,E,,,,,D13,D12,D8,D2,D7,,,,,0,0,0,0,0,0,0,0,1,0,2
Bachelor,17,17_DANIELLA_M,,,,,R,E,,,,,,D13,D12,,D8,D7,,,,,0,0,0,0,0,0,0,0,0,0,1
Bachelor,17,17_SLEMA_A,R1,,,R,,E,,,,,,D13,,D1,D8,D7,,,,,0,0,0,0,0,0,0,1,1,0,1
Bachelor,17,17_SARAH_H,R1,R,,,,E,,,,,,D1,,D8,D8,D7,,,,,0,0,0,0,0,0,1,1,1,0,1
Bachelor,17,17_ROBYN_H,R1,,,,E,,,,,,,D13,D12,D8,D8,,,,,,0,0,0,0,0,0,0,0,1,0,0
Bachelor,17,17_JACKIE_[,R1,,,,E,,,,,,,,D12,D8,D2,,,,,,0,0,0,0,0,0,0,0,1,0,0
Bachelor,17,17_AMANDA_M,,,,E,,,,,,,,D13,D12,D8,,,,,,,0,0,0,0,0,0,0,0,0,0,0
Bachelor,17,17_LESLIE_H,R1,,,E,,,,,,,,,D12,D1,,,,,,,0,0,0,0,0,0,0,1,1,0,0
Bachelor,17,17_KRISTY_K,,,E,,,,,,,,,D13,D12,,,,,,,,0,0,0,0,0,0,0,0,0,0,0
Bachelor,17,17_TARYN_D,,,E,,,,,,,,,D13,D12,,,,,,,,0,0,0,0,0,0,0,0,0,0,0
Bachelor,17,17_KACIE_B,,R,E,,,,,,,,,D13,D12,,,,,,,,0,0,0,0,0,0,0,0,0,0,1
Bachelor,17,17_BROOKE_B,R1,E,,,,,,,,,,D13,,,,,,,,,0,0,0,0,0,0,0,0,1,0,0
Bachelor,17,17_DIANA_W,R1,E,,,,,,,,,,D13,,,,,,,,,0,0,0,0,0,0,0,0,1,0,0
Bachelor,17,17_LATIE_L,R1,E,,,,,,,,,,D13,,,,,,,,,0,0,0,0,0,0,0,0,1,0,0
Bachelor,16,16_COURTNEY_R,,R,,R,,,,,,W,,D1,,D8,D9,D6,D1,D1,D1,D1,1,0,0,0,0,1,1,5,0,0,2
Bachelor,16,16_LINDZI_C,R1,,R,,,R,,,,E,,,D1,D8,D9,D6,D1,D1,D1,D1,0,0,0,0,0,0,0,5,1,0,2
Bachelor,16,16_NICKI_S,,,,,R,,,,E,,,D12,D11,D8,D1,D6,D3,D1,D1,,0,0,0,0,0,0,0,3,0,0,1
Bachelor,16,16_KACIE_B,,R,,,R,R,R,E,,,,D1,D11,D8,D9,D1,D3,D1,,,0,0,0,0,0,0,1,3,0,0,4
Bachelor,16,16_EMILY_O,,,R,,,,E,,,,,D12,D1,,D9,D6,D1,,,,0,0,0,0,0,0,0,2,0,0,1
Bachelor,16,16_RACHEL_T,,,R,R,,R,E,,,,,D12,D11,D1,D9,D2,D3,,,,0,0,0,0,0,0,0,1,0,0,3
Bachelor,16,16_JAMIE_O,,,,,,E,,,,,,D12,D11,D8,D9,D6,,,,,0,0,0,0,0,0,0,0,0,0,0
Bachelor,16,16_CASEY_S,,,,,,E,,,,,,,D11,D8,D9,D6,,,,,0,0,0,0,0,0,0,0,0,0,0
Bachelor,16,16_BLAKELEY_J,,R,,,,E,,,,,,D12,D11,D8,D9,D2,,,,,0,0,0,0,0,0,0,0,0,0,1
Bachelor,16,16_JENNIFER_F,,,,R,E,,,,,,,D12,,D1,D9,,,,,,0,0,0,0,0,0,0,1,0,0,1
Bachelor,16,16_ELYSE_M,,,,,E,,,,,,,,D11,,D1,,,,,,0,0,0,0,0,0,0,1,0,0,0
Bachelor,16,16_MONICA_S,,,,E,,,,,,,,D12,D11,,,,,,,,0,0,0,0,0,0,0,0,0,0,0
Bachelor,16,16_SAMANTHA_L,,,,E,,,,,,,,D12,D11,D8,,,,,,,0,0,0,0,0,0,0,0,0,0,0
Bachelor,16,16_ERIKA_U,,,E,,,,,,,,,,D11,,,,,,,,0,0,0,0,0,0,0,0,0,0,0
Bachelor,16,16_JACLYN_S,,,E,,,,,,,,,D12,D11,,,,,,,,0,0,0,0,0,0,0,0,0,0,0
Bachelor,16,16_BRITTNEY_S,,,E,,,,,,,,,D12,,,,,,,,,0,0,0,0,0,0,0,0,0,0,0
Bachelor,16,16_JENNA_B,,E,,,,,,,,,,D12,,,,,,,,,0,0,0,0,0,0,0,0,0,0,0
Bachelor,16,16_SHAWN_R,,E,,,,,,,,,,D12,,,,,,,,,0,0,0,0,0,0,0,0,0,0,0
Bachelor,15,15_EMILY_M,,R,R,,R,,,,,W,,D15,D1,,D8,D6,D1,D1,D1,D1,1,0,0,0,0,1,0,5,0,0,3
Bachelor,15,15_CHANTAL_O,,,,R,,R,,,,E,,D15,D12,D1,D8,D1,D3,D1,D1,D1,0,0,0,0,0,0,0,5,0,0,2
Bachelor,15,15_ASHLEU_H,,R,,,R,,R,,E,,,D1,D12,D9,D2,D6,D3,D1,D1,,0,0,0,0,0,0,1,3,0,0,3
Bachelor,15,15_SHAWNTEL_N,,,R,,R,,,E,,,,D15,D12,,D1,D6,D1,D1,,,0,0,0,0,0,0,0,3,0,0,2
Bachelor,15,15_MICHELLE_M,,R,,R,,,E,,,,,D15,D12,D1,D8,D6,D3,,,,0,0,0,0,0,0,0,1,0,0,2
Bachelor,15,15_BRITT_B,,,,R,,,E,,,,,D15,D12,D9,D8,D6,D1,,,,0,0,0,0,0,0,0,1,0,0,1
Bachelor,15,15_JACKIE_G,,R,,,,E,,,,,,D1,,D9,D8,D6,,,,,0,0,0,0,0,0,1,1,0,0,1
Bachelor,15,15_ALLI_T,,,,,,E,,,,,,D15,D12,D9,D8,D1,,,,,0,0,0,0,0,0,0,1,0,0,0
Bachelor,15,15_LISA_M,,,,,E,,,,,,,D15,D12,D9,D8,,,,,,0,0,0,0,0,0,0,0,0,0,0
Bachelor,15,15_MARISSA_M,,,,,E,,,,,,,D15,D12,,D8,,,,,,0,0,0,0,0,0,0,0,0,0,0
Bachelor,15,15_ASHLEY_S,R1,,R,,E,,,,,,,,D1,D9,D2,,,,,,0,0,0,0,0,0,0,1,1,0,1
Bachelor,15,15_LINDSAY_H,,,,E,,,,,,,,,D12,D9,,,,,,,0,0,0,0,0,0,0,0,0,0,0
Bachelor,15,15_MEGHAN_M,,,,E,,,,,,,,D15,,D9,,,,,,,0,0,0,0,0,0,0,0,0,0,0
Bachelor,15,15_STACEY_Q,,,,E,,,,,,,,D15,D12,D9,,,,,,,0,0,0,0,0,0,0,0,0,0,0
Bachelor,15,15_KIMBERLY_C,,,E,,,,,,,,,D15,D12,,,,,,,,0,0,0,0,0,0,0,0,0,0,0
Bachelor,15,15_SARAH_P,,,E,,,,,,,,,,D12,,,,,,,,0,0,0,0,0,0,0,0,0,0,0
Bachelor,15,15_MADISON_G,,,E,,,,,,,,,D15,,,,,,,,,0,0,0,0,0,0,0,0,0,0,0
Bachelor,15,15_KELTIE_C,,E,,,,,,,,,,D15,,,,,,,,,0,0,0,0,0,0,0,0,0,0,0
Bachelor,15,15_MELISSA_S,,E,,,,,,,,,,D15,,,,,,,,,0,0,0,0,0,0,0,0,0,0,0
Bachelor,15,15_RAICHHEL_G,,E,,,,,,,,,,D15,,,,,,,,,0,0,0,0,0,0,0,0,0,0,0
Bachelor,14,14_VIENNA_G,,,R,,,,,W,,,,D5,D1,D6,D2,D1,D1,D1,,,0,0,1,0,0,1,0,4,0,0,1
Bachelor,14,14_TENLEY_M,R1,,,R,,,,E,,,,,D8,D6,D1,D1,D1,D1,,,0,0,0,0,0,0,0,4,1,0,1
Bachelor,14,14_GIA_A,,,,R,,,E,,,,,D6,,D1,D2,D1,D1,,,,0,0,0,0,0,0,0,3,0,0,1
Bachelor,14,14_ALI_F,,R,,,,E,,,,,,D1,D8,D6,D1,D1,,,,,0,0,0,0,0,0,1,3,0,0,1
Bachelor,14,14_CORRIE_A,,,,,E,,,,,,,D6,D8,D6,D1,,,,,,0,0,0,0,0,0,0,1,0,0,0
Bachelor,14,14_ASHLEIGH_H,,,,E,,,,,,,,D6,D8,D6,,,,,,,0,0,0,0,0,0,0,0,0,0,0
Bachelor,14,14_JESSIE_S,,,,E,,,,,,,,D5,D8,D6,,,,,,,0,0,0,0,0,0,0,0,0,0,0
Bachelor,14,14_KATHRYN_S,,,,E,,,,,,,,D5,D8,D2,,,,,,,0,0,0,0,0,0,0,0,0,0,0
Bachelor,14,14_ELLA_N,,,R,E,,,,,,,,,D1,D2,,,,,,,0,0,0,0,0,0,0,1,0,0,1
Bachelor,14,14_ELIZABETH_KI,,R,E,,,,,,,,,D5,D8,,,,,,,,0,0,0,0,0,0,0,0,0,0,1
Bachelor,14,14_VALISHIA_S,,,E,,,,,,,,,D6,,,,,,,,,0,0,0,0,0,0,0,0,0,0,0
Bachelor,14,14_MICHELLE K,,,E,,,,,,,,,,D8,,,,,,,,0,0,0,0,0,0,0,0,0,0,0
Bachelor,14,14_ASHLEY_E,,E,,,,,,,,,,D5,,,,,,,,,0,0,0,0,0,0,0,0,0,0,0
Bachelor,14,14_CRISTINA_M,,E,,,,,,,,,,D6,,,,,,,,,0,0,0,0,0,0,0,0,0,0,0
Bachelor,14,14_ROZLYN_P,,E,,,,,,,,,,D6,,,,,,,,,0,0,0,0,0,0,0,0,0,0,0
Bachelor,13,13_MELISSA_R,,R,,,,,,W,,,,D1,D8,D6,D1,D1,D1,D1,,,0,0,1,0,0,1,1,5,0,0,1
Bachelor,13,13_MOLLY_M,,R,,R,,,,E,,,,D8,,D1,D3,D1,D1,D1,,,0,0,0,0,0,0,0,4,0,0,2
Bachelor,13,13_JILLIAN_H,,R,R,,,,E,,,,,D1,D8,D6,D3,D1,D1,,,,0,0,0,0,0,0,1,3,0,0,2
Bachelor,13,13_NAOMI_C,,,,R,,E,,,,,,D8,D8,D6,D1,D1,,,,,0,0,0,0,0,0,0,2,0,0,1
Bachelor,13,13_STEPHANIE_H,,,R,R,E,,,,,,,,D1,D2,D3,,,,,,0,0,0,0,0,0,0,1,0,0,2
Bachelor,13,13_LAUREN_W,,,,E,,,,,,,,D8,,D6,,,,,,,0,0,0,0,0,0,0,0,0,0,0
Bachelor,13,13_MEGAN_P,R,,,E,,,,,,,,,D8,D6,,,,,,,0,0,0,0,0,0,0,0,0,0,1
Bachelor,13,13_SHANNON_B,,,,E,,,,,,,,,D8,D6,,,,,,,0,0,0,0,0,0,0,0,0,0,0
Bachelor,13,13_NIKKI_K,R1,,,E,,,,,,,,D8,D8,D2,,,,,,,0,0,0,0,0,0,0,0,1,0,0
Bachelor,13,13_ERICA_D,,,E,,,,,,,,,D8,D8,,,,,,,,0,0,0,0,0,0,0,0,0,0,0
Bachelor,13,13_KARI_F,,,E,,,,,,,,,D8,,,,,,,,,0,0,0,0,0,0,0,0,0,0,0
Bachelor,13,13_NATALIE_G,,,E,,,,,,,,,D8,D1,,,,,,,,0,0,0,0,0,0,0,1,0,0,0
Bachelor,13,13_RAQUEL_M,,E,,,,,,,,,,,,,,,,,,,0,0,0,0,0,0,0,0,0,0,0
Bachelor,13,13_SHARON_S,,E,,,,,,,,,,D8,,,,,,,,,0,0,0,0,0,0,0,0,0,0,0
Bachelor,13,13_LISA_G,,E,,,,,,,,,,,,,,,,,,,0,0,0,0,0,0,0,0,0,0,0
Bachelor,12,12_SHAYNE_L,,,R,,,,,W,,,,D7,D1,D6,D4,D1,D1,D1,,,0,0,1,0,0,1,0,4,0,0,1
Bachelor,12,12_CHELSEA_W,,R,,R,,,,E,,,,D7,D10,D6,D1,D1,D1,D1,,,0,0,0,0,0,0,0,4,0,0,2
Bachelor,12,12_AMANDA_R,R1,,,R,,,E,,,,,D8,D10,D1,D4,D1,D1,,,,0,0,0,0,0,0,0,3,1,0,1
Bachelor,12,12_NOELLE_D,,,,,,E,,,,,,D8,D10,D6,D1,D1,,,,,0,0,0,0,0,0,0,2,0,0,0
Bachelor,12,12_MARSHANA_R,,,,R,E,,,,,,,D8,D10,D2,D4,,,,,,0,0,0,0,0,0,0,0,0,0,1
Bachelor,12,12_ROBIN_C,,,R,,E,,,,,,,D7,D10,D6,D4,,,,,,0,0,0,0,0,0,0,0,0,0,1
Bachelor,12,12_ASHLEE_W,,R,,E,,,,,,,,D8,D10,D6,,,,,,,0,0,0,0,0,0,0,0,0,0,1
Bachelor,12,12_KELLY_D,,,,E,,,,,,,,D7,D10,D6,,,,,,,0,0,0,0,0,0,0,0,0,0,0
Bachelor,12,12_HOLLY_D,,,R,E,,,,,,,,D8,D1,D2,,,,,,,0,0,0,0,0,0,0,1,0,0,1
Bachelor,12,12_AMY_R,,,E,,,,,,,,,D7,D10,,,,,,,,0,0,0,0,0,0,0,0,0,0,0
Bachelor,12,12_ERIN_S,,,E,,,,,,,,,D7,D10,,,,,,,,0,0,0,0,0,0,0,0,0,0,0
Bachelor,12,12_KRISTINE_H,,,E,,,,,,,,,D8,D10,,,,,,,,0,0,0,0,0,0,0,0,0,0,0
Bachelor,12,12_CARRI_P,,E,,,,,,,,,,D7,,,,,,,,,0,0,0,0,0,0,0,0,0,0,0
Bachelor,12,12_ERIN_H,,E,,,,,,,,,,D8,,,,,,,,,0,0,0,0,0,0,0,0,0,0,0
Bachelor,12,12_MICHELLE_P,,E,,,,,,,,,,D8,,,,,,,,,0,0,0,0,0,0,0,0,0,0,0
Bachelor,11,11_DEANNA_P,,R,,R,,,,E,,,,D7,D6,D2,D4,D1,D1,D1,,,0,0,0,0,0,0,0,3,0,0,2
Bachelor,11,11_JENNI_C,R1,,,R,,,,E,,,,D7,D6,D1,D4,D1,D1,D1,,,0,0,0,0,0,0,0,4,1,0,1
Bachelor,11,11_BETTINA_B,,,,R,,,E,,,,,D7,D5,D6,D1,D1,D1,,,,0,0,0,0,0,0,0,3,0,0,1
Bachelor,11,11_SHEENA_S,,,,,,E,,,,,,D7,D5,D6,D1,D1,,,,,0,0,0,0,0,0,0,2,0,0,0
Bachelor,11,11_HILARY_R,,,R,,E,,,,,,,D7,D1,D6,D4,,,,,,0,0,0,0,0,0,0,1,0,0,1
Bachelor,11,11_KRISTY_K,,,R,,E,,,,,,,D7,D5,D6,D4,,,,,,0,0,0,0,0,0,0,0,0,0,1
Bachelor,11,11_STEPHY_K,,,R,E,,,,,,,,D7,D6,D6,,,,,,,0,0,0,0,0,0,0,0,0,0,1
Bachelor,11,11_JADE_B,,,,E,,,,,,,,D7,D5,D2,,,,,,,0,0,0,0,0,0,0,0,0,0,0
Bachelor,11,11_MCCARTEN_D,,,,E,,,,,,,,D7,D6,D6,,,,,,,0,0,0,0,0,0,0,0,0,0,0
Bachelor,11,11_LINDSEY_H,,,E,,,,,,,,,D7,D6,,,,,,,,0,0,0,0,0,0,0,0,0,0,0
Bachelor,11,11_SARAH_N,,R,E,,,,,,,,,D7,D6,,,,,,,,0,0,0,0,0,0,0,0,0,0,1
Bachelor,11,11_SOLISA_S,,,E,,,,,,,,,D7,D5,,,,,,,,0,0,0,0,0,0,0,0,0,0,0
Bachelor,11,11_MICHELE_L,,E,,,,,,,,,,,,,,,,,,,0,0,0,0,0,0,0,0,0,0,0
Bachelor,11,11_MALLORY_S,,E,,,,,,,,,,D7,,,,,,,,,0,0,0,0,0,0,0,0,0,0,0
Bachelor,11,11_ERIN_G,,E,,,,,,,,,,D7,,,,,,,,,0,0,0,0,0,0,0,0,0,0,0
Bachelor,10,10_TESSA_H,,,R,,,,,W,,,,D7,D2,D4,D1,D1,D1,D1,,,0,0,1,0,0,1,0,4,0,0,1
Bachelor,10,10_BEVIN_P,,,R,,,,,E,,,,D7,,D4,D4,D1,D1,D1,,,0,0,0,0,0,0,0,3,0,0,1
Bachelor,10,10_DANIELLE_I,,,,,,,E,,,,,D7,D4,D4,D4,D1,D1,,,,0,0,0,0,0,0,0,2,0,0,0
Bachelor,10,10_AMBER_A,,,,R,,E,,,,,,D7,D5,D1,D4,D1,,,,,0,0,0,0,0,0,0,2,0,0,1
Bachelor,10,10_STEPHANIE_W,,,,,E,,,,,,,D7,D5,D4,D1,,,,,,0,0,0,0,0,0,0,1,0,0,0
Bachelor,10,10_TINA_W,,,,,E,,,,,,,D7,D5,D4,D4,,,,,,0,0,0,0,0,0,0,0,0,0,0
Bachelor,10,10_KATE_B,,,,E,,,,,,,,D7,D4,D4,,,,,,,0,0,0,0,0,0,0,0,0,0,0
Bachelor,10,10_NICOLE_C,,,,E,,,,,,,,D7,D5,D4,,,,,,,0,0,0,0,0,0,0,0,0,0,0
Bachelor,10,10_STEPHANIE_T,R1,R,,E,,,,,,,,D1,D5,D4,,,,,,,0,0,0,0,0,0,1,1,1,0,1
Bachelor,10,10_AMANDA_H,,,E,,,,,,,,,D7,D4,,,,,,,,0,0,0,0,0,0,0,0,0,0,0
Bachelor,10,10_ERIN_P,,,E,,,,,,,,,D7,D4,,,,,,,,0,0,0,0,0,0,0,0,0,0,0
Bachelor,10,10_PEYTON_W,,,E,,,,,,,,,D7,D2,,,,,,,,0,0,0,0,0,0,0,0,0,0,0
Bachelor,10,10_ALEXIS_Y,,E,,,,,,,,,,D7,,,,,,,,,0,0,0,0,0,0,0,0,0,0,0
Bachelor,10,10_SUSAN_A,,E,,,,,,,,,,D7,,,,,,,,,0,0,0,0,0,0,0,0,0,0,0
Bachelor,10,10_TIFFANY_W,,E,,,,,,,,,,D7,,,,,,,,,0,0,0,0,0,0,0,0,0,0,0
Bachelor,09,09_JENNIFER_W,,R,,R,,,W,,,,,D6,D6,D1,D1,D1,D1,,,,0,0,0,1,0,1,0,4,0,0,2
Bachelor,09,09_SADIE_M,,R,,R,,,E,,,,,D5,D6,D1,D1,D1,D1,,,,0,0,0,0,0,0,0,4,0,0,2
Bachelor,09,09_LISA_B,R1,R,,,,E,,,,,,D1,D6,D4,D1,D1,,,,,0,0,0,0,0,0,1,3,1,0,1
Bachelor,09,09_AGNESE_P,,,R,,E,,,,,,,D5,D2,D4,D1,,,,,,0,0,0,0,0,0,0,1,0,0,1
Bachelor,09,09_JEANETTE_P,,,R,E,,,,,,,,D6,D6,D4,,,,,,,0,0,0,0,0,0,0,0,0,0,1
Bachelor,09,09_DESIREE_V,,,,E,,,,,,,,D6,D6,D4,,,,,,,0,0,0,0,0,0,0,0,0,0,0
Bachelor,09,09_JAMI_M,,,E,,,,,,,,,D5,D1,,,,,,,,0,0,0,0,0,0,0,1,0,0,0
Bachelor,09,09_GINA_C,,,E,,,,,,,,,D6,D6,,,,,,,,0,0,0,0,0,0,0,0,0,0,0
Bachelor,09,09_ERICA_R,,,E,,,,,,,,,D5,D2,,,,,,,,0,0,0,0,0,0,0,0,0,0,0
Bachelor,09,09_SARAH_S,,E,,,,,,,,,,D6,,,,,,,,,0,0,0,0,0,0,0,0,0,0,0
Bachelor,09,09_KIM_J,,E,,,,,,,,,,D6,,,,,,,,,0,0,0,0,0,0,0,0,0,0,0
Bachelor,09,09_ELLEN_D,,E,,,,,,,,,,D5,,,,,,,,,0,0,0,0,0,0,0,0,0,0,0
Bachelor,08,08_Sarah_S,,,,R,,,W,,,,,D12,D5,D1,D1,D1,D1,,,,0,0,0,1,0,1,0,4,0,0,1
Bachelor,08,08_Moana,,,R,,,,E,,,,,"D6, D12",D5,D4,D1,D1,D1,,,,0,0,0,0,0,0,0,3,0,0,1
Bachelor,08,08_Susan,,,R,,,E,,,,,,"D6, D12",D1,D4,D1,D1,,,,,0,0,0,0,0,0,0,3,0,0,1
Bachelor,08,08_Sarah_B,,,R,,E,,,,,,,"D6, D12",D2,D4,D1,,,,,,0,0,0,0,0,0,0,1,0,0,1
Bachelor,08,08_Jehan,,R,,E,,,,,,,,D12,D5,D1,,,,,,,0,0,0,0,0,0,0,1,0,0,1
Bachelor,08,08_Tara,,R,,E,,,,,,,,"D6, D12",D5,D4,,,,,,,0,0,0,0,0,0,0,0,0,0,1
Bachelor,08,08_Jennifer,,,E,,,,,,,,,"D6, D12",D2,,,,,,,,0,0,0,0,0,0,0,0,0,0,0
Bachelor,08,08_Shiloh,,,E,,,,,,,,,"D6, D12",D5,,,,,,,,0,0,0,0,0,0,0,0,0,0,0
Bachelor,08,08_Cole,,E,,,,,,,,,,D12,,,,,,,,,0,0,0,0,0,0,0,0,0,0,0
Bachelor,08,08_Yvonne,,E,,,,,,,,,,D12,,,,,,,,,0,0,0,0,0,0,0,0,0,0,0
Bachelor,08,08_Elizabeth,,E,,,,,,,,,,D12,,,,,,,,,0,0,0,0,0,0,0,0,0,0,0
Bachelor,08,08_Kristen,,E,,,,,,,,,,"D1, D12",,,,,,,,,0,0,0,0,0,0,0,0,0,0,0
Bachelor,07,07_Sarah B.,,,,R,,,W,,,,D9,D10,D6,D1,D1,D1,D1,,,,0,0,0,1,0,1,0,4,0,0,1
Bachelor,07,07_Krisily,R,,,,,,E,,,,D9,D10,D6,D5,D1,D1,D1,,,,0,0,0,0,0,0,0,3,0,0,1
Bachelor,07,07_Sarah W.,R1,R,,,,E,,,,,D9,D1,D6,D5,D1,D1,,,,,0,0,0,0,0,0,1,3,1,0,1
Bachelor,07,07_Kimberly,R,R,R,,E,,,,,,D6,D10,D1,D5,D1,,,,,,0,0,0,0,0,0,0,2,0,0,3
Bachelor,07,07_Anitra,R,,,E,,,,,,,D5,D10,D6,D5,,,,,,,0,0,0,0,0,0,0,0,0,0,1
Bachelor,07,07_Kindle,R,,,E,,,,,,,D5,D10,D6,D5,,,,,,,0,0,0,0,0,0,0,0,0,0,1
Bachelor,07,07_Kara,,R,E,,,,,,,,D9,D10,D1,,,,,,,,0,0,0,0,0,0,0,1,0,0,1
Bachelor,07,07_Jenny,R,,E,,,,,,,,D6,D10,D6,,,,,,,,0,0,0,0,0,0,0,0,0,0,1
Bachelor,07,07_Kerry,R1,E,,,,,,,,,D6,D10,,,,,,,,,0,0,0,0,0,0,0,0,1,0,0
Bachelor,07,07_Carrie,,E,,,,,,,,,D6,D10,,,,,,,,,0,0,0,0,0,0,0,0,0,0,0
Bachelor,07,07_Gina Marie,,E,,,,,,,,,D9,D10,,,,,,,,,0,0,0,0,0,0,0,0,0,0,0
Bachelor,07,07_Megan,,E,,,,,,,,,D5,D1,,,,,,,,,0,0,0,0,0,0,1,1,0,0,0
Bachelor,06,06_Mary,,,,,,,,W,,,,,D2,,D1,D1,D1,D1,,,0,0,1,0,0,1,0,4,0,0,0
Bachelor,06,06_Tanya,,,,,,,,E,,,,,,D1,,D1,D1,D1,,,0,0,0,0,0,0,0,4,0,0,0
Bachelor,06,06_Cynthia,,,,,,,E,,,,,,,,D1,D1,D1,,,,0,0,0,0,0,0,0,3,0,0,0
Bachelor,06,06_Cheresse,,,,,,E,,,,,,D1,,,,,,,,,0,0,0,0,0,0,1,1,0,0,0
Bachelor,06,06_Andrea,,,,,E,,,,,,,,D1,,,,,,,,0,0,0,0,0,0,0,1,0,0,0
Bachelor,06,06_Jayne,,,,,E,,,,,,,D1,,,D1,,,,,,0,0,0,0,0,0,1,2,0,0,0
Bachelor,06,06_Krysta,,,,E,,,,,,,,,,,,,,,,,0,0,0,0,0,0,0,0,0,0,0
Bachelor,06,06_Elizabeth,,,,E,,,,,,,,,,D1,,,,,,,0,0,0,0,0,0,0,1,0,0,0
Bachelor,06,06_Amanda,,,E,,,,,,,,,,,,,,,,,,0,0,0,0,0,0,0,0,0,0,0
Bachelor,06,06_Kristie,,,E,,,,,,,,,,,,,,,,,,0,0,0,0,0,0,0,0,0,0,0
Bachelor,06,06_Susie,,,E,,,,,,,,,,,,,,,,,,0,0,0,0,0,0,0,0,0,0,0
Bachelor,06,06_Heather,,,E,,,,,,,,,,D2,,,,,,,,0,0,0,0,0,0,0,0,0,0,0
Bachelor,06,06_Wende,,E,,,,,,,,,,,,,,,,,,,0,0,0,0,0,0,0,0,0,0,0
Bachelor,06,06_Natalie,,E,,,,,,,,,,,,,,,,,,,0,0,0,0,0,0,0,0,0,0,0
Bachelor,06,06_Ashley,,E,,,,,,,,,,,,,,,,,,,0,0,0,0,0,0,0,0,0,0,0
Bachelor,06,06_Kelley,,E,,,,,,,,,,,,,,,,,,,0,0,0,0,0,0,0,0,0,0,0
Bachelor,06,06_Leina,,E,,,,,,,,,,,,,,,,,,,0,0,0,0,0,0,0,0,0,0,0
Bachelor,05,05_JESSICA_B,,,,,,,W,,,,,D7,D6,D1,D1,D1,D1,,,,0,0,0,1,0,1,0,4,0,0,0
Bachelor,05,05_TARA_H,,,,,,,E,,,,,D7,D1,D1,D1,D1,D1,,,,0,0,0,0,0,0,0,5,0,0,0
Bachelor,05,05_MANDY_J,,,,,,E,,,,,,D7,D2,D1,D1,D1,,,,,0,0,0,0,0,0,0,3,0,0,0
Bachelor,05,05_TRISH_S,R1,,,,E,,,,,,,D1,D2,D3,D1,,,,,,0,0,0,0,0,0,1,2,1,0,0
Bachelor,05,05_SUZIE_W,,,,E,,,,,,,,D8,D1,D3,,,,,,,0,0,0,0,0,0,0,1,0,0,0
Bachelor,05,05_KAREN_L,,,,E,,,,,,,,D7,D6,D3,,,,,,,0,0,0,0,0,0,0,0,0,0,0
Bachelor,05,05_JESSICA_H,,,E,,,,,,,,,D8,D6,,,,,,,,0,0,0,0,0,0,0,0,0,0,0
Bachelor,05,05_JULIE_D,,,E,,,,,,,,,D7,D6,,,,,,,,0,0,0,0,0,0,0,0,0,0,0
Bachelor,05,05_JENNY_S,,,E,,,,,,,,,D8,D6,,,,,,,,0,0,0,0,0,0,0,0,0,0,0
Bachelor,05,05_KATIE_G,,,E,,,,,,,,,D7,D6,,,,,,,,0,0,0,0,0,0,0,0,0,0,0
Bachelor,05,05_JEANMARIE_C,,E,,,,,,,,,,D8,,,,,,,,,0,0,0,0,0,0,0,0,0,0,0
Bachelor,05,05_ANNECATHERINE_L,,E,,,,,,,,,,D8,,,,,,,,,0,0,0,0,0,0,0,0,0,0,0
Bachelor,05,05_AMBER_L,,E,,,,,,,,,,D8,,,,,,,,,0,0,0,0,0,0,0,0,0,0,0
Bachelor,05,05_MANDY_C,,E,,,,,,,,,,D8,,,,,,,,,0,0,0,0,0,0,0,0,0,0,0
Bachelor,05,05_KRISTY_R,,E,,,,,,,,,,D8,,,,,,,,,0,0,0,0,0,0,0,0,0,0,0
Bachelor,05,05_CELESTE_C,,E,,,,,,,,,,D7,,,,,,,,,0,0,0,0,0,0,0,0,0,0,0
Bachelor,04,04_Kelly-Jo,,,,,,,E,,,,,D4,D3,D1,D1,D1,D1,,,,0,0,0,0,0,0,0,4,0,0,0
Bachelor,04,04_Estella,,,,,,,W,,,,,D5,D5,D1,D1,D1,D1,,,,0,0,0,1,0,1,0,4,0,0,0
Bachelor,04,04_Mary,,,,,,E,,,,,,D6,D3,D1,D1,D1,,,,,0,0,0,0,0,0,0,3,0,0,0
Bachelor,04,04_Meredith,,,,,E,,,,,,,D4,D1,D3,D1,,,,,,0,0,0,0,0,0,0,2,0,0,0
Bachelor,04,04_Brooke,,,,E,,,,,,,,D4,D5,D3,,,,,,,0,0,0,0,0,0,0,0,0,0,0
Bachelor,04,04_Lee-Ann,,,,E,,,,,,,,D6,D1,D3,,,,,,,0,0,0,0,0,0,0,1,0,0,0
Bachelor,04,04_Misty,,,E,,,,,,,,,D5,D3,,,,,,,,0,0,0,0,0,0,0,0,0,0,0
Bachelor,04,04_Karin,,,E,,,,,,,,,D4,D5,,,,,,,,0,0,0,0,0,0,0,0,0,0,0
Bachelor,04,04_Jenny,,,E,,,,,,,,,D6,D5,,,,,,,,0,0,0,0,0,0,0,0,0,0,0
Bachelor,04,04_Antoinette,,,E,,,,,,,,,D6,D5,,,,,,,,0,0,0,0,0,0,0,0,0,0,0
Bachelor,04,04_Lindsay_clippers,,E,,,,,,,,,,D5,,,,,,,,,0,0,0,0,0,0,0,0,0,0,0
Bachelor,04,04_Lindsay,,E,,,,,,,,,,D6,,,,,,,,,0,0,0,0,0,0,0,0,0,0,0
Bachelor,04,04_Lanah,,E,,,,,,,,,,D6,,,,,,,,,0,0,0,0,0,0,0,0,0,0,0
Bachelor,04,04_Jenn,,E,,,,,,,,,,D5,,,,,,,,,0,0,0,0,0,0,0,0,0,0,0
Bachelor,04,04_Christine,,E,,,,,,,,,,D5,,,,,,,,,0,0,0,0,0,0,0,0,0,0,0
Bachelor,03,03_JEN_X,,,,,,,W,,,,,D5,D5,D1,D1,D1,D1,,,,0,0,0,1,0,1,0,4,0,0,0
Bachelor,03,03_KIRSTEN_X,,,,,,,E,,,,,D5,D1,D1,D1,D1,D1,,,,0,0,0,0,0,0,0,5,0,0,0
Bachelor,03,03_TINA_X,,,,,,E,,,,,,D5,D5,D3,D1,D1,,,,,0,0,0,0,0,0,0,2,0,0,0
Bachelor,03,03_CRISTINA_X,,,,E,E,,,,,,,D5,D3,D3,D1,,,,,,0,0,0,0,0,0,0,1,0,0,0
Bachelor,03,03_LIZ_X,,,,E,,,,,,,,D5,D3,D3,,,,,,,0,0,0,0,0,0,0,0,0,0,0
Bachelor,03,03_ANN_MICHELLE_X,,,,E,,,,,,,,D5,D3,D1,,,,,,,0,0,0,0,0,0,0,1,0,0,0
Bachelor,03,03_AUDREE_X,,,E,,,,,,,,,D5,D5,,,,,,,,0,0,0,0,0,0,0,0,0,0,0
Bachelor,03,03_AMBER_X,,,E,,,,,,,,,D5,D1,,,,,,,,0,0,0,0,0,0,0,1,0,0,0
Bachelor,03,03_HEATHER_X,,,E,,,,,,,,,D5,D5,,,,,,,,0,0,0,0,0,0,0,0,0,0,0
Bachelor,03,03_TINA_X,,,E,,,,,,,,,D5,D5,,,,,,,,0,0,0,0,0,0,0,0,0,0,0
Bachelor,03,03_RACHEL_X,,E,,,,,,,,,,D5,,,,,,,,,0,0,0,0,0,0,0,0,0,0,0
Bachelor,03,03_AMY_X,,E,,,,,,,,,,D5,,,,,,,,,0,0,0,0,0,0,0,0,0,0,0
Bachelor,03,03_SHANNON_X,,E,,,,,,,,,,D5,,,,,,,,,0,0,0,0,0,0,0,0,0,0,0
Bachelor,03,03_ELIZABETH_X,,E,,,,,,,,,,D5,,,,,,,,,0,0,0,0,0,0,0,0,0,0,0
Bachelor,03,03_CHRISTINA_X,,E,,,,,,,,,,D5,,,,,,,,,0,0,0,0,0,0,0,0,0,0,0
Bachelor,02,02_HELENE_E,,,,,,,W,,,,,D5,D1,D1,D1,D1,D1,,,,0,0,0,1,0,1,0,5,0,0,0
Bachelor,02,02_BROOKE_S,,,,,,,E,,,,,D5,D1,D3,D1,D1,,,,,0,0,0,0,0,0,0,3,0,0,0
Bachelor,02,02_GWEN_G,,,,,,E,,,,,,D5,D3,D1,D1,D1,,,,,0,0,0,0,0,0,0,3,0,0,0
Bachelor,02,02_ANGELA_X,,,,,E,,,,,,,D5,D5,D3,D1,,,,,,0,0,0,0,0,0,0,1,0,0,0
Bachelor,02,02_HAYLEY_X,,,,E,,,,,,,,D5,D3,D3,,,,,,,0,0,0,0,0,0,0,0,0,0,0
Bachelor,02,02_HEATHER_C,,,,E,,,,,,,,D5,D5,D1,,,,,,,0,0,0,0,0,0,0,1,0,0,0
Bachelor,02,02_CHRISTI_X,,,E,,,,,,,,,D5,D5,,,,,,,,0,0,0,0,0,0,0,0,0,0,0
Bachelor,02,02_HEATHER_X,,,E,,,,,,,,,D5,D5,,,,,,,,0,0,0,0,0,0,0,0,0,0,0
Bachelor,02,02_KYLA_X,,,E,,,,,,,,,D5,D3,,,,,,,,0,0,0,0,0,0,0,0,0,0,0
Bachelor,02,02_SHANNON_X,,,E,,,,,,,,,D5,D5,,,,,,,,0,0,0,0,0,0,0,0,0,0,0
Bachelor,02,02_DANA_X,,E,,,,,,,,,,D5,,,,,,,,,0,0,0,0,0,0,0,0,0,0,0
Bachelor,02,02_ERIN_X,,E,,,,,,,,,,D5,,,,,,,,,0,0,0,0,0,0,0,0,0,0,0
Bachelor,02,02_SUZANNE_X,,E,,,,,,,,,,D5,,,,,,,,,0,0,0,0,0,0,0,0,0,0,0
Bachelor,02,02_FRANCES_X,,E,,,,,,,,,,D5,,,,,,,,,0,0,0,0,0,0,0,0,0,0,0
Bachelor,02,02_ANINDITA_X,,E,,,,,,,,,,D5,,,,,,,,,0,0,0,0,0,0,0,0,0,0,0
Bachelor,01,01_AMANDA_M,,,,,,W,,,,,,D5,D1,D1,D1,D1,,,,,0,0,0,0,1,1,0,4,0,0,0
Bachelor,01,01_TRISTA_R,,,,,,E,,,,,,D5,D1,D1,D1,D1,,,,,0,0,0,0,0,0,0,4,0,0,0
Bachelor,01,01_SHANNON_O,,,,,E,,,,,,,D5,D1,D1,D1,,,,,,0,0,0,0,0,0,0,3,0,0,0
Bachelor,01,01_KIM_X,,,,E,,,,,,,,D5,D4,D1,,,,,,,0,0,0,0,0,0,0,1,0,0,0
Bachelor,01,01_CATHY_G,,,E,,,,,,,,,D5,D4,,,,,,,,0,0,0,0,0,0,0,0,0,0,0
Bachelor,01,01_CHRISTINA_X,,,E,,,,,,,,,D5,D4,,,,,,,,0,0,0,0,0,0,0,0,0,0,0
Bachelor,01,01_LANEASE_A,,,E,,,,,,,,,D5,D4,,,,,,,,0,0,0,0,0,0,0,0,0,0,0
Bachelor,01,01_RHONDA_X,,,E,,,,,,,,,D5,D4,,,,,,,,0,0,0,0,0,0,0,0,0,0,0
Bachelor,01,01_ALEXA_X,,E,,,,,,,,,,D5,,,,,,,,,0,0,0,0,0,0,0,0,0,0,0
Bachelor,01,01_AMY_X,,E,,,,,,,,,,D5,,,,,,,,,0,0,0,0,0,0,0,0,0,0,0
Bachelor,01,01_ANGELA_X,,E,,,,,,,,,,D5,,,,,,,,,0,0,0,0,0,0,0,0,0,0,0
Bachelor,01,01_ANGELIQUE_X,,E,,,,,,,,,,D5,,,,,,,,,0,0,0,0,0,0,0,0,0,0,0
Bachelor,01,01_KATIE_X,,E,,,,,,,,,,D5,,,,,,,,,0,0,0,0,0,0,0,0,0,0,0
Bachelor,01,01_MELISSA_X,,E,,,,,,,,,,D5,,,,,,,,,0,0,0,0,0,0,0,0,0,0,0
Bachelor,01,01_TINA_X,,E,,,,,,,,,,D5,,,,,,,,,0,0,0,0,0,0,0,0,0,0,0
